date,time,comp,rnd,home_team,away_team,home_goals,away_goals,home_possession,away_possession,home_goal_attempts,away_goal_attempts,home_shots_on_target,away_shots_on_target,home_shots_off_target,away_shots_off_target,home_blocked_shots,away_blocked_shots,home_goalkeeper_saves,away_goalkeeper_saves,home_dangerous_attacks,away_dangerous_attacks
19.05.2024,11:00,PREMIER LEAGUE,ROUND 38,Arsenal,Everton,2,1,69%,31%,26,5,5,2,21,3,,,1,3,110,18
19.05.2024,11:00,PREMIER LEAGUE,ROUND 38,Brentford,Newcastle,2,4,54%,46%,10,12,5,7,5,5,,,3,3,50,58
19.05.2024,11:00,PREMIER LEAGUE,ROUND 38,Brighton,Manchester Utd,0,2,56%,44%,17,11,3,4,14,7,,,11,9,90,74
19.05.2024,11:00,PREMIER LEAGUE,ROUND 38,Burnley,Nottingham,1,2,69%,31%,20,12,3,6,17,6,,,4,2,83,18
19.05.2024,11:00,PREMIER LEAGUE,ROUND 38,Chelsea,Bournemouth,2,1,63%,37%,16,22,6,5,10,17,,,4,4,47,64
19.05.2024,11:00,PREMIER LEAGUE,ROUND 38,Crystal Palace,Aston Villa,5,0,53%,47%,15,8,9,2,6,6,,,2,4,54,17
19.05.2024,11:00,PREMIER LEAGUE,ROUND 38,Liverpool,Wolves,2,0,66%,34%,36,4,14,3,22,1,,,3,12,125,61
19.05.2024,11:00,PREMIER LEAGUE,ROUND 38,Luton,Fulham,2,4,37%,63%,15,16,6,8,9,8,,,4,4,48,38
19.05.2024,11:00,PREMIER LEAGUE,ROUND 38,Manchester City,West Ham,3,1,70%,30%,28,3,12,2,16,1,,,1,9,83,6
19.05.2024,11:00,PREMIER LEAGUE,ROUND 38,Sheffield Utd,Tottenham,0,3,23%,77%,6,18,1,9,5,9,,,6,1,22,61
15.05.2024,15:00,PREMIER LEAGUE,ROUND 34,Manchester Utd,Newcastle,3,2,44%,56%,17,21,8,8,9,13,,,6,5,48,64
15.05.2024,14:45,PREMIER LEAGUE,ROUND 34,Brighton,Chelsea,1,2,51%,49%,12,13,2,6,10,7,,,4,1,103,70
14.05.2024,15:00,PREMIER LEAGUE,ROUND 34,Tottenham,Manchester City,0,2,53%,47%,10,8,5,5,5,3,,,3,5,47,51
13.05.2024,15:00,PREMIER LEAGUE,ROUND 37,Aston Villa,Liverpool,3,3,41%,59%,19,14,5,7,14,7,,,4,2,54,41
12.05.2024,11:30,PREMIER LEAGUE,ROUND 37,Manchester Utd,Arsenal,0,1,54%,46%,14,11,2,5,12,6,,,4,2,58,39
11.05.2024,12:30,PREMIER LEAGUE,ROUND 37,Nottingham,Chelsea,2,3,32%,68%,20,12,4,5,16,7,,,2,2,47,48
11.05.2024,10:00,PREMIER LEAGUE,ROUND 37,Bournemouth,Brentford,1,2,48%,52%,13,11,4,5,9,6,,,3,3,62,54
11.05.2024,10:00,PREMIER LEAGUE,ROUND 37,Everton,Sheffield Utd,1,0,57%,43%,15,13,6,1,9,12,,,1,5,74,42
11.05.2024,10:00,PREMIER LEAGUE,ROUND 37,Newcastle,Brighton,1,1,56%,44%,18,15,7,4,11,11,,,3,6,62,30
11.05.2024,10:00,PREMIER LEAGUE,ROUND 37,Tottenham,Burnley,2,1,63%,37%,21,7,9,3,12,4,,,2,7,81,22
11.05.2024,10:00,PREMIER LEAGUE,ROUND 37,West Ham,Luton,3,1,58%,42%,24,4,8,1,16,3,,,0,5,55,44
11.05.2024,10:00,PREMIER LEAGUE,ROUND 37,Wolves,Crystal Palace,1,3,62%,38%,14,13,8,3,6,10,,,0,7,129,95
11.05.2024,07:30,PREMIER LEAGUE,ROUND 37,Fulham,Manchester City,0,4,35%,65%,1,16,1,9,0,7,,,5,1,53,130
06.05.2024,15:00,PREMIER LEAGUE,ROUND 36,Crystal Palace,Manchester Utd,4,0,43%,57%,18,7,10,2,8,5,,,2,6,55,24
05.05.2024,11:30,PREMIER LEAGUE,ROUND 36,Liverpool,Tottenham,4,2,44%,56%,25,11,13,6,12,5,,,4,9,55,59
05.05.2024,09:00,PREMIER LEAGUE,ROUND 36,Brighton,Aston Villa,1,0,52%,48%,15,2,8,1,7,1,,,1,7,46,35
05.05.2024,09:00,PREMIER LEAGUE,ROUND 36,Chelsea,West Ham,5,0,69%,31%,25,13,14,2,11,11,,,2,9,51,47
04.05.2024,12:30,PREMIER LEAGUE,ROUND 36,Manchester City,Wolves,5,1,58%,42%,20,2,12,1,8,1,,,0,7,54,19
04.05.2024,10:00,PREMIER LEAGUE,ROUND 36,Brentford,Fulham,0,0,55%,45%,7,15,3,3,4,12,,,3,3,71,51
04.05.2024,10:00,PREMIER LEAGUE,ROUND 36,Burnley,Newcastle,1,4,47%,53%,17,23,5,11,12,12,,,7,4,40,53
04.05.2024,10:00,PREMIER LEAGUE,ROUND 36,Sheffield Utd,Nottingham,1,3,54%,46%,17,15,5,4,12,11,,,1,4,117,114
04.05.2024,07:30,PREMIER LEAGUE,ROUND 36,Arsenal,Bournemouth,3,0,56%,44%,24,7,9,2,15,5,,,2,6,74,31
03.05.2024,15:00,PREMIER LEAGUE,ROUND 36,Luton,Everton,1,1,50%,50%,18,10,5,3,13,7,,,2,4,63,48
02.05.2024,14:30,PREMIER LEAGUE,ROUND 26,Chelsea,Tottenham,2,0,38%,62%,16,19,5,3,11,16,,,3,3,32,95
28.04.2024,11:30,PREMIER LEAGUE,ROUND 35,Nottingham,Manchester City,0,2,33%,67%,14,11,2,5,12,6,,,3,2,8,12
28.04.2024,09:00,PREMIER LEAGUE,ROUND 35,Bournemouth,Brighton,3,0,30%,70%,15,13,6,1,9,12,,,1,3,35,53
28.04.2024,09:00,PREMIER LEAGUE,ROUND 35,Tottenham,Arsenal,2,3,62%,38%,14,9,2,3,12,6,,,1,0,93,43
27.04.2024,15:00,PREMIER LEAGUE,ROUND 35,Aston Villa,Chelsea,2,2,28%,72%,9,21,4,5,5,16,,,3,2,26,57
27.04.2024,12:30,PREMIER LEAGUE,ROUND 35,Everton,Brentford,1,0,48%,52%,18,10,1,4,17,6,,,4,0,56,55
27.04.2024,10:00,PREMIER LEAGUE,ROUND 35,Fulham,Crystal Palace,1,1,53%,47%,9,14,2,4,7,10,,,3,1,27,55
27.04.2024,10:00,PREMIER LEAGUE,ROUND 35,Manchester Utd,Burnley,1,1,47%,53%,27,16,10,7,17,9,,,6,9,64,43
27.04.2024,10:00,PREMIER LEAGUE,ROUND 35,Newcastle,Sheffield Utd,5,1,59%,41%,20,15,7,5,13,10,,,4,2,12,13
27.04.2024,10:00,PREMIER LEAGUE,ROUND 35,Wolves,Luton,2,1,58%,42%,13,9,5,6,8,3,,,5,3,34,47
27.04.2024,07:30,PREMIER LEAGUE,ROUND 35,West Ham,Liverpool,2,2,29%,71%,11,28,8,8,3,20,,,6,6,34,82
25.04.2024,15:00,PREMIER LEAGUE,ROUND 29,Brighton,Manchester City,0,4,35%,65%,7,14,3,6,4,8,,,2,3,26,36
24.04.2024,15:00,PREMIER LEAGUE,ROUND 29,Crystal Palace,Newcastle,2,0,47%,53%,20,7,7,2,13,5,,,2,5,51,47
24.04.2024,15:00,PREMIER LEAGUE,ROUND 29,Everton,Liverpool,2,0,23%,77%,16,23,6,7,10,16,,,7,4,27,87
24.04.2024,15:00,PREMIER LEAGUE,ROUND 29,Manchester Utd,Sheffield Utd,4,2,71%,29%,25,10,13,4,12,6,,,2,9,77,24
24.04.2024,14:45,PREMIER LEAGUE,ROUND 29,Wolves,Bournemouth,0,1,63%,37%,15,21,4,6,11,15,,,5,4,89,107
23.04.2024,15:00,PREMIER LEAGUE,ROUND 29,Arsenal,Chelsea,5,0,44%,56%,27,7,10,1,17,6,,,1,5,66,39
21.04.2024,11:30,PREMIER LEAGUE,ROUND 34,Fulham,Liverpool,1,3,39%,61%,12,14,5,7,7,7,,,4,4,29,48
21.04.2024,10:00,PREMIER LEAGUE,ROUND 34,Aston Villa,Bournemouth,3,1,56%,44%,15,14,5,6,10,8,,,5,2,44,34
21.04.2024,10:00,PREMIER LEAGUE,ROUND 34,Crystal Palace,West Ham,5,2,61%,39%,18,4,7,1,11,3,,,0,2,48,25
21.04.2024,08:30,PREMIER LEAGUE,ROUND 34,Everton,Nottingham,2,0,41%,59%,7,8,4,3,3,5,,,3,2,48,48
20.04.2024,14:30,PREMIER LEAGUE,ROUND 34,Wolves,Arsenal,0,2,46%,54%,5,24,3,9,2,15,,,7,3,19,74
20.04.2024,10:00,PREMIER LEAGUE,ROUND 34,Luton,Brentford,1,5,52%,48%,6,21,3,9,3,12,,,4,2,58,56
20.04.2024,10:00,PREMIER LEAGUE,ROUND 34,Sheffield Utd,Burnley,1,4,49%,51%,18,16,11,9,7,7,,,5,10,57,43
15.04.2024,15:00,PREMIER LEAGUE,ROUND 33,Chelsea,Everton,6,0,59%,41%,14,10,10,2,4,8,,,2,4,35,64
14.04.2024,11:30,PREMIER LEAGUE,ROUND 33,Arsenal,Aston Villa,0,2,51%,49%,18,11,4,2,14,9,,,0,4,63,37
14.04.2024,09:00,PREMIER LEAGUE,ROUND 33,Liverpool,Crystal Palace,0,1,70%,30%,21,8,6,5,15,3,,,4,6,75,27
14.04.2024,09:00,PREMIER LEAGUE,ROUND 33,West Ham,Fulham,0,2,58%,42%,15,18,4,10,11,8,,,8,4,76,30
13.04.2024,12:30,PREMIER LEAGUE,ROUND 33,Bournemouth,Manchester Utd,2,2,43%,57%,20,8,5,2,15,6,,,0,3,57,40
13.04.2024,10:00,PREMIER LEAGUE,ROUND 33,Brentford,Sheffield Utd,2,0,53%,47%,9,8,5,2,4,6,,,2,3,54,42
13.04.2024,10:00,PREMIER LEAGUE,ROUND 33,Burnley,Brighton,1,1,44%,56%,11,20,3,8,8,12,,,7,2,46,43
13.04.2024,10:00,PREMIER LEAGUE,ROUND 33,Manchester City,Luton,5,1,74%,26%,37,4,13,2,24,2,,,1,8,127,14
13.04.2024,10:00,PREMIER LEAGUE,ROUND 33,Nottingham,Wolves,2,2,46%,54%,18,11,9,4,9,7,,,2,7,70,26
13.04.2024,07:30,PREMIER LEAGUE,ROUND 33,Newcastle,Tottenham,4,0,27%,73%,18,11,5,2,13,9,,,2,1,43,59
07.04.2024,13:00,PREMIER LEAGUE,ROUND 32,Tottenham,Nottingham,3,1,64%,36%,17,13,7,6,10,7,,,5,4,83,40
07.04.2024,12:30,PREMIER LEAGUE,ROUND 32,Sheffield Utd,Chelsea,2,2,32%,68%,11,6,6,3,5,3,,,1,4,40,44
07.04.2024,10:30,PREMIER LEAGUE,ROUND 32,Manchester Utd,Liverpool,2,2,9,28,5,7,4,21,12,12,,,9,10,30,13
06.04.2024,12:30,PREMIER LEAGUE,ROUND 32,Brighton,Arsenal,0,3,55%,45%,10,20,2,7,8,13,,,4,2,46,60
06.04.2024,10:00,PREMIER LEAGUE,ROUND 32,Aston Villa,Brentford,3,3,70%,30%,11,8,3,3,8,5,,,0,0,79,28
06.04.2024,10:00,PREMIER LEAGUE,ROUND 32,Everton,Burnley,1,0,37%,63%,12,6,3,1,9,5,,,1,2,103,104
06.04.2024,10:00,PREMIER LEAGUE,ROUND 32,Fulham,Newcastle,0,1,67%,33%,14,12,4,5,10,7,,,4,4,95,36
06.04.2024,10:00,PREMIER LEAGUE,ROUND 32,Luton,Bournemouth,2,1,56%,44%,19,8,9,1,10,7,,,0,7,18,30
06.04.2024,10:00,PREMIER LEAGUE,ROUND 32,Wolves,West Ham,1,2,58%,42%,14,11,7,4,7,7,,,2,6,38,58
06.04.2024,07:30,PREMIER LEAGUE,ROUND 32,Crystal Palace,Manchester City,2,4,24%,76%,7,18,4,8,3,10,,,4,2,21,86
04.04.2024,15:15,PREMIER LEAGUE,ROUND 31,Chelsea,Manchester Utd,4,3,57%,43%,28,19,10,5,18,14,,,2,6,58,36
04.04.2024,14:30,PREMIER LEAGUE,ROUND 31,Liverpool,Sheffield Utd,3,1,83%,17%,29,5,9,3,20,2,,,2,6,105,11
03.04.2024,15:15,PREMIER LEAGUE,ROUND 31,Manchester City,Aston Villa,4,1,67%,33%,25,8,11,3,14,5,,,2,7,106,23
03.04.2024,14:30,PREMIER LEAGUE,ROUND 31,Arsenal,Luton,2,0,58%,42%,13,5,4,1,9,4,,,1,2,50,39
03.04.2024,14:30,PREMIER LEAGUE,ROUND 31,Brentford,Brighton,0,0,33%,67%,5,24,2,6,3,18,,,6,2,30,81
02.04.2024,15:15,PREMIER LEAGUE,ROUND 31,West Ham,Tottenham,1,1,32%,68%,11,13,4,4,7,9,,,3,3,46,65
02.04.2024,14:45,PREMIER LEAGUE,ROUND 31,Bournemouth,Crystal Palace,1,0,50%,50%,11,3,6,2,5,1,,,2,5,50,45
02.04.2024,14:45,PREMIER LEAGUE,ROUND 31,Burnley,Wolves,1,1,51%,49%,13,8,6,2,7,6,,,1,5,75,27
02.04.2024,14:30,PREMIER LEAGUE,ROUND 31,Newcastle,Everton,1,1,58%,42%,18,10,6,3,12,7,,,2,5,68,53
02.04.2024,14:30,PREMIER LEAGUE,ROUND 31,Nottingham,Fulham,3,1,33%,67%,16,18,4,3,12,15,,,2,1,27,90
31.03.2024,11:30,PREMIER LEAGUE,ROUND 30,Manchester City,Arsenal,0,0,72%,28%,12,6,1,2,11,4,,,2,1,103,17
31.03.2024,09:00,PREMIER LEAGUE,ROUND 30,Liverpool,Brighton,2,1,55%,45%,30,9,8,3,22,6,,,2,6,81,36
30.03.2024,16:00,PREMIER LEAGUE,ROUND 30,Brentford,Manchester Utd,1,1,47%,53%,31,11,5,5,26,6,,,4,4,82,37
30.03.2024,13:30,PREMIER LEAGUE,ROUND 30,Aston Villa,Wolves,2,0,48%,52%,11,13,5,3,6,10,,,3,3,34,52
30.03.2024,11:00,PREMIER LEAGUE,ROUND 30,Bournemouth,Everton,2,1,49%,51%,11,7,4,3,7,4,,,2,2,50,56
30.03.2024,11:00,PREMIER LEAGUE,ROUND 30,Chelsea,Burnley,2,2,69%,31%,33,18,13,7,20,11,,,5,11,126,64
30.03.2024,11:00,PREMIER LEAGUE,ROUND 30,Nottingham,Crystal Palace,1,1,59%,41%,12,10,5,3,7,7,,,2,4,61,41
30.03.2024,11:00,PREMIER LEAGUE,ROUND 30,Sheffield Utd,Fulham,3,3,26%,74%,8,24,4,9,4,15,,,6,1,31,53
30.03.2024,11:00,PREMIER LEAGUE,ROUND 30,Tottenham,Luton,2,1,70%,30%,17,7,4,3,13,4,,,2,2,66,30
30.03.2024,08:30,PREMIER LEAGUE,ROUND 30,Newcastle,West Ham,4,3,60%,40%,24,10,9,4,15,6,,,1,5,107,88
17.03.2024,10:00,PREMIER LEAGUE,ROUND 29,West Ham,Aston Villa,1,1,31%,69%,13,13,5,5,8,8,,,4,4,40,69
16.03.2024,13:30,PREMIER LEAGUE,ROUND 29,Fulham,Tottenham,3,0,43%,57%,16,14,7,5,9,9,,,5,4,47,61
16.03.2024,11:00,PREMIER LEAGUE,ROUND 29,Burnley,Brentford,2,1,60%,40%,17,9,6,5,11,4,,,4,4,120,81
16.03.2024,11:00,PREMIER LEAGUE,ROUND 29,Luton,Nottingham,1,1,60%,40%,10,16,4,6,6,10,,,5,3,51,35
13.03.2024,15:30,PREMIER LEAGUE,ROUND 17,Bournemouth,Luton,4,3,59%,41%,24,8,10,4,14,4,,,1,6,76,23
11.03.2024,16:00,PREMIER LEAGUE,ROUND 28,Chelsea,Newcastle,3,2,45%,55%,12,11,8,3,4,8,,,1,5,28,65
10.03.2024,11:45,PREMIER LEAGUE,ROUND 28,Liverpool,Manchester City,1,1,53%,47%,19,10,6,6,13,4,,,5,5,55,49
10.03.2024,10:00,PREMIER LEAGUE,ROUND 28,Brighton,Nottingham,1,0,64%,36%,10,9,3,4,7,5,,,4,2,42,40
10.03.2024,10:00,PREMIER LEAGUE,ROUND 28,West Ham,Burnley,2,2,52%,48%,22,11,4,4,18,7,,,2,2,52,40
10.03.2024,09:00,PREMIER LEAGUE,ROUND 28,Aston Villa,Tottenham,0,4,31%,69%,10,9,1,5,9,4,,,1,1,53,126
09.03.2024,12:30,PREMIER LEAGUE,ROUND 28,Arsenal,Brentford,2,1,72%,28%,17,9,6,4,11,5,,,3,4,91,22
09.03.2024,10:00,PREMIER LEAGUE,ROUND 28,Bournemouth,Sheffield Utd,2,2,70%,30%,32,13,12,9,20,4,,,7,10,116,28
09.03.2024,10:00,PREMIER LEAGUE,ROUND 28,Crystal Palace,Luton,1,1,50%,50%,21,8,4,2,17,6,,,1,3,55,44
09.03.2024,10:00,PREMIER LEAGUE,ROUND 28,Wolves,Fulham,2,1,48%,52%,8,23,3,7,5,16,,,6,1,42,40
09.03.2024,07:30,PREMIER LEAGUE,ROUND 28,Manchester Utd,Everton,2,0,51%,49%,15,23,8,6,7,17,,,6,6,26,65
04.03.2024,15:00,PREMIER LEAGUE,ROUND 27,Sheffield Utd,Arsenal,0,6,19%,81%,4,22,0,10,4,12,,,4,0,9,92
03.03.2024,10:30,PREMIER LEAGUE,ROUND 27,Manchester City,Manchester Utd,3,1,73%,27%,27,3,8,1,19,2,,,0,5,148,25
03.03.2024,08:00,PREMIER LEAGUE,ROUND 27,Burnley,Bournemouth,0,2,75%,25%,20,10,6,3,14,7,,,1,6,78,25
02.03.2024,12:30,PREMIER LEAGUE,ROUND 27,Luton,Aston Villa,2,3,47%,53%,13,12,5,8,8,4,,,5,3,43,33
02.03.2024,10:00,PREMIER LEAGUE,ROUND 27,Brentford,Chelsea,2,2,32%,68%,14,17,5,6,9,11,,,4,3,34,44
02.03.2024,10:00,PREMIER LEAGUE,ROUND 27,Everton,West Ham,1,3,55%,45%,22,12,11,5,11,7,,,2,10,60,43
02.03.2024,10:00,PREMIER LEAGUE,ROUND 27,Fulham,Brighton,3,0,29%,71%,12,15,5,5,7,10,,,5,2,30,68
02.03.2024,10:00,PREMIER LEAGUE,ROUND 27,Newcastle,Wolves,3,0,44%,56%,14,12,7,3,7,9,,,3,4,35,69
02.03.2024,10:00,PREMIER LEAGUE,ROUND 27,Nottingham,Liverpool,0,1,30%,70%,8,22,2,2,6,20,,,1,2,36,74
02.03.2024,10:00,PREMIER LEAGUE,ROUND 27,Tottenham,Crystal Palace,3,1,78%,22%,14,4,6,1,8,3,,,0,3,105,22
26.02.2024,15:00,PREMIER LEAGUE,ROUND 26,West Ham,Brentford,4,2,41%,59%,17,14,6,8,11,6,,,6,2,52,70
25.02.2024,08:30,PREMIER LEAGUE,ROUND 26,Wolves,Sheffield Utd,1,0,63%,37%,13,12,2,4,11,8,,,4,1,54,51
24.02.2024,15:00,PREMIER LEAGUE,ROUND 26,Arsenal,Newcastle,4,1,55%,45%,18,3,8,2,10,1,,,1,4,78,30
24.02.2024,12:30,PREMIER LEAGUE,ROUND 26,Bournemouth,Manchester City,0,1,38%,62%,13,15,4,6,9,9,,,5,4,43,78
24.02.2024,10:00,PREMIER LEAGUE,ROUND 26,Aston Villa,Nottingham,4,2,58%,42%,16,10,6,3,10,7,,,1,2,48,37
24.02.2024,10:00,PREMIER LEAGUE,ROUND 26,Brighton,Everton,1,1,65%,35%,23,6,7,3,16,3,,,2,6,127,52
24.02.2024,10:00,PREMIER LEAGUE,ROUND 26,Crystal Palace,Burnley,3,0,56%,44%,15,2,6,0,9,2,,,0,3,115,88
24.02.2024,10:00,PREMIER LEAGUE,ROUND 26,Manchester Utd,Fulham,1,2,57%,43%,21,17,9,5,12,12,,,3,8,59,36
21.02.2024,14:30,PREMIER LEAGUE,ROUND 26,Liverpool,Luton,4,1,61%,39%,29,12,13,3,16,9,,,2,9,71,32
20.02.2024,14:30,PREMIER LEAGUE,ROUND 18,Manchester City,Brentford,1,0,70%,30%,25,6,11,2,14,4,,,2,10,125,25
19.02.2024,15:00,PREMIER LEAGUE,ROUND 25,Everton,Crystal Palace,1,1,63%,37%,19,10,4,4,15,6,,,3,3,69,49
18.02.2024,11:30,PREMIER LEAGUE,ROUND 25,Luton,Manchester Utd,1,2,58%,42%,22,21,4,9,18,12,,,7,3,83,39
18.02.2024,09:00,PREMIER LEAGUE,ROUND 25,Sheffield Utd,Brighton,0,5,21%,79%,6,24,1,10,5,14,,,5,1,43,138
17.02.2024,12:30,PREMIER LEAGUE,ROUND 25,Manchester City,Chelsea,1,1,70%,30%,31,9,5,6,26,3,,,5,4,121,21
17.02.2024,10:00,PREMIER LEAGUE,ROUND 25,Burnley,Arsenal,0,5,35%,65%,8,16,0,7,8,9,,,2,0,33,56
17.02.2024,10:00,PREMIER LEAGUE,ROUND 25,Fulham,Aston Villa,1,2,52%,48%,15,12,4,3,11,9,,,1,3,54,35
17.02.2024,10:00,PREMIER LEAGUE,ROUND 25,Newcastle,Bournemouth,2,2,63%,37%,17,12,5,7,12,5,,,5,3,53,34
17.02.2024,10:00,PREMIER LEAGUE,ROUND 25,Nottingham,West Ham,2,0,48%,52%,19,10,8,3,11,7,,,3,6,74,120
17.02.2024,10:00,PREMIER LEAGUE,ROUND 25,Tottenham,Wolves,1,2,71%,29%,15,12,4,7,11,5,,,5,3,129,41
17.02.2024,07:30,PREMIER LEAGUE,ROUND 25,Brentford,Liverpool,1,4,37%,63%,15,15,6,8,9,7,,,4,5,43,59
12.02.2024,15:00,PREMIER LEAGUE,ROUND 24,Crystal Palace,Chelsea,1,3,23%,77%,13,14,4,5,9,9,,,2,3,32,82
11.02.2024,11:30,PREMIER LEAGUE,ROUND 24,Aston Villa,Manchester Utd,1,2,56%,44%,23,17,10,5,13,12,,,3,9,66,37
11.02.2024,09:00,PREMIER LEAGUE,ROUND 24,West Ham,Arsenal,0,6,29%,71%,5,25,1,12,4,13,,,6,1,27,70
10.02.2024,12:30,PREMIER LEAGUE,ROUND 24,Nottingham,Newcastle,2,3,38%,62%,13,7,3,5,10,2,,,2,1,58,44
10.02.2024,10:00,PREMIER LEAGUE,ROUND 24,Fulham,Bournemouth,3,1,50%,50%,7,25,6,4,1,21,,,3,3,37,70
10.02.2024,10:00,PREMIER LEAGUE,ROUND 24,Liverpool,Burnley,3,1,71%,29%,25,9,10,4,15,5,,,3,7,65,28
10.02.2024,10:00,PREMIER LEAGUE,ROUND 24,Luton,Sheffield Utd,1,3,75%,25%,20,7,5,3,15,4,,,0,4,87,35
10.02.2024,10:00,PREMIER LEAGUE,ROUND 24,Tottenham,Brighton,2,1,52%,48%,16,6,6,3,10,3,,,2,4,55,44
10.02.2024,10:00,PREMIER LEAGUE,ROUND 24,Wolves,Brentford,0,2,72%,28%,17,9,5,6,12,3,,,4,5,86,31
10.02.2024,07:30,PREMIER LEAGUE,ROUND 24,Manchester City,Everton,2,0,72%,28%,19,5,3,1,16,4,,,1,1,80,17
05.02.2024,15:00,PREMIER LEAGUE,ROUND 23,Brentford,Manchester City,1,3,28%,72%,9,25,3,15,6,10,,,12,2,26,98
04.02.2024,11:30,PREMIER LEAGUE,ROUND 23,Arsenal,Liverpool,3,1,43%,57%,15,10,7,1,8,9,,,1,4,95,95
04.02.2024,09:00,PREMIER LEAGUE,ROUND 23,Bournemouth,Nottingham,1,1,44%,56%,9,8,2,6,7,2,,,5,1,113,79
04.02.2024,09:00,PREMIER LEAGUE,ROUND 23,Chelsea,Wolves,2,4,64%,36%,15,14,6,7,9,7,,,3,4,68,31
04.02.2024,09:00,PREMIER LEAGUE,ROUND 23,Manchester Utd,West Ham,3,0,51%,49%,12,22,5,3,7,19,,,3,2,46,67
03.02.2024,12:30,PREMIER LEAGUE,ROUND 23,Sheffield Utd,Aston Villa,0,5,34%,66%,10,14,5,10,5,4,,,5,5,30,34
03.02.2024,10:00,PREMIER LEAGUE,ROUND 23,Brighton,Crystal Palace,4,1,69%,31%,13,7,6,5,7,2,,,4,2,33,21
03.02.2024,10:00,PREMIER LEAGUE,ROUND 23,Burnley,Fulham,2,2,44%,56%,12,15,4,7,8,8,,,5,2,40,48
03.02.2024,10:00,PREMIER LEAGUE,ROUND 23,Newcastle,Luton,4,4,54%,46%,19,11,6,8,13,3,,,4,2,60,41
03.02.2024,07:30,PREMIER LEAGUE,ROUND 23,Everton,Tottenham,2,2,43%,57%,14,9,5,6,9,3,,,4,3,68,39
01.02.2024,15:15,PREMIER LEAGUE,ROUND 22,Wolves,Manchester Utd,3,4,53%,47%,16,21,7,8,9,13,,,4,4,59,53
01.02.2024,14:30,PREMIER LEAGUE,ROUND 22,West Ham,Bournemouth,1,1,49%,51%,9,9,3,4,6,5,,,3,2,45,58
31.01.2024,15:15,PREMIER LEAGUE,ROUND 22,Liverpool,Chelsea,4,1,51%,49%,28,4,13,3,15,1,,,2,9,67,26
31.01.2024,14:30,PREMIER LEAGUE,ROUND 22,Manchester City,Burnley,3,1,74%,26%,14,8,4,3,10,5,,,2,1,70,22
31.01.2024,14:30,PREMIER LEAGUE,ROUND 22,Tottenham,Brentford,3,2,68%,32%,19,9,5,5,14,4,,,3,2,100,46
30.01.2024,15:15,PREMIER LEAGUE,ROUND 22,Aston Villa,Newcastle,1,3,61%,39%,12,14,6,5,6,9,,,2,5,66,26
30.01.2024,15:00,PREMIER LEAGUE,ROUND 22,Crystal Palace,Sheffield Utd,3,2,53%,47%,12,9,4,5,8,4,,,3,1,70,29
30.01.2024,14:45,PREMIER LEAGUE,ROUND 22,Fulham,Everton,0,0,70%,30%,25,21,6,4,19,17,,,4,6,77,37
30.01.2024,14:45,PREMIER LEAGUE,ROUND 22,Luton,Brighton,4,0,41%,59%,18,9,8,2,10,7,,,2,4,47,24
30.01.2024,14:30,PREMIER LEAGUE,ROUND 22,Nottingham,Arsenal,1,2,27%,73%,9,19,3,3,6,16,,,1,2,22,138
22.01.2024,14:45,PREMIER LEAGUE,ROUND 21,Brighton,Wolves,0,0,71%,29%,11,8,4,3,7,5,,,3,4,62,24
21.01.2024,11:30,PREMIER LEAGUE,ROUND 21,Bournemouth,Liverpool,0,4,39%,61%,11,14,1,7,10,7,,,3,1,66,61
21.01.2024,09:00,PREMIER LEAGUE,ROUND 21,Sheffield Utd,West Ham,2,2,57%,43%,21,16,6,5,15,11,,,3,4,131,69
20.01.2024,12:30,PREMIER LEAGUE,ROUND 21,Brentford,Nottingham,3,2,48%,52%,11,12,5,3,6,9,,,1,2,49,56
20.01.2024,07:30,PREMIER LEAGUE,ROUND 21,Arsenal,Crystal Palace,5,0,61%,39%,21,12,6,5,15,7,,,5,2,17,28
14.01.2024,11:30,PREMIER LEAGUE,ROUND 21,Manchester Utd,Tottenham,2,2,36%,64%,9,16,2,6,7,10,,,4,0,57,62
14.01.2024,09:00,PREMIER LEAGUE,ROUND 21,Everton,Aston Villa,0,0,31%,69%,10,16,2,5,8,11,,,5,2,50,65
13.01.2024,12:30,PREMIER LEAGUE,ROUND 21,Newcastle,Manchester City,2,3,27%,73%,12,27,5,11,7,16,,,8,3,25,97
13.01.2024,07:30,PREMIER LEAGUE,ROUND 21,Chelsea,Fulham,1,0,55%,45%,17,14,3,4,14,10,,,4,2,85,57
12.01.2024,14:45,PREMIER LEAGUE,ROUND 21,Burnley,Luton,1,1,39%,61%,13,14,7,5,6,9,,,4,6,45,64
02.01.2024,14:30,PREMIER LEAGUE,ROUND 20,West Ham,Brighton,0,0,32%,68%,6,22,2,8,4,14,,,8,2,39,72
01.01.2024,15:00,PREMIER LEAGUE,ROUND 20,Liverpool,Newcastle,4,2,62%,38%,34,5,15,3,19,2,,,1,11,98,20
31.12.2023,09:00,PREMIER LEAGUE,ROUND 20,Fulham,Arsenal,2,1,39%,61%,15,13,4,3,11,10,,,2,2,38,55
31.12.2023,09:00,PREMIER LEAGUE,ROUND 20,Tottenham,Bournemouth,3,1,51%,49%,12,24,6,4,6,20,,,3,3,43,56
30.12.2023,12:30,PREMIER LEAGUE,ROUND 20,Nottingham,Manchester Utd,2,1,46%,54%,8,10,2,5,6,5,,,4,0,39,80
30.12.2023,10:00,PREMIER LEAGUE,ROUND 20,Aston Villa,Burnley,3,2,65%,35%,14,8,7,5,7,3,,,3,4,93,57
30.12.2023,10:00,PREMIER LEAGUE,ROUND 20,Crystal Palace,Brentford,3,1,48%,52%,13,9,6,4,7,5,,,3,3,70,58
30.12.2023,10:00,PREMIER LEAGUE,ROUND 20,Manchester City,Sheffield Utd,2,0,82%,18%,18,4,4,2,14,2,,,2,2,95,11
30.12.2023,10:00,PREMIER LEAGUE,ROUND 20,Wolves,Everton,3,0,53%,47%,12,10,6,0,6,10,,,0,3,50,39
30.12.2023,07:30,PREMIER LEAGUE,ROUND 20,Luton,Chelsea,2,3,51%,49%,15,12,6,8,9,4,,,5,4,75,24
28.12.2023,15:15,PREMIER LEAGUE,ROUND 19,Arsenal,West Ham,0,2,74%,26%,30,6,8,3,22,3,,,1,8,140,21
28.12.2023,14:30,PREMIER LEAGUE,ROUND 19,Brighton,Tottenham,4,2,46%,54%,15,19,9,3,6,16,,,1,5,44,78
27.12.2023,15:15,PREMIER LEAGUE,ROUND 19,Everton,Manchester City,1,3,28%,72%,7,23,2,9,5,14,,,6,1,44,66
27.12.2023,14:30,PREMIER LEAGUE,ROUND 19,Brentford,Wolves,1,4,60%,40%,14,11,4,5,10,6,,,1,3,74,35
27.12.2023,14:30,PREMIER LEAGUE,ROUND 19,Chelsea,Crystal Palace,2,1,64%,36%,9,13,4,5,5,8,,,4,2,38,53
26.12.2023,15:00,PREMIER LEAGUE,ROUND 19,Manchester Utd,Aston Villa,3,2,46%,54%,13,10,7,4,6,6,,,2,4,52,58
26.12.2023,12:30,PREMIER LEAGUE,ROUND 19,Burnley,Liverpool,0,2,31%,69%,9,19,0,10,9,9,,,8,0,34,53
26.12.2023,10:00,PREMIER LEAGUE,ROUND 19,Bournemouth,Fulham,3,0,42%,58%,16,8,4,3,12,5,,,3,1,39,56
26.12.2023,10:00,PREMIER LEAGUE,ROUND 19,Sheffield Utd,Luton,2,3,51%,49%,21,12,6,4,15,8,,,1,4,61,44
26.12.2023,07:30,PREMIER LEAGUE,ROUND 19,Newcastle,Nottingham,1,3,62%,38%,19,15,7,6,12,9,,,3,6,91,28
24.12.2023,08:00,PREMIER LEAGUE,ROUND 18,Wolves,Chelsea,2,1,31%,69%,14,16,6,5,8,11,,,4,4,43,63
23.12.2023,12:30,PREMIER LEAGUE,ROUND 18,Liverpool,Arsenal,1,1,51%,49%,13,13,3,2,10,11,,,1,2,47,43
23.12.2023,10:00,PREMIER LEAGUE,ROUND 18,Fulham,Burnley,0,2,66%,34%,19,7,5,2,14,5,,,0,5,71,38
23.12.2023,10:00,PREMIER LEAGUE,ROUND 18,Luton,Newcastle,1,0,35%,65%,16,15,5,2,11,13,,,2,4,56,55
23.12.2023,10:00,PREMIER LEAGUE,ROUND 18,Nottingham,Bournemouth,2,3,32%,68%,11,18,5,7,6,11,,,4,3,82,127
23.12.2023,10:00,PREMIER LEAGUE,ROUND 18,Tottenham,Everton,2,1,60%,40%,13,18,6,8,7,10,,,7,4,37,64
23.12.2023,07:30,PREMIER LEAGUE,ROUND 18,West Ham,Manchester Utd,2,0,35%,65%,12,11,5,3,7,8,,,3,3,36,48
22.12.2023,15:00,PREMIER LEAGUE,ROUND 18,Aston Villa,Sheffield Utd,1,1,78%,22%,11,5,4,2,7,3,,,1,3,88,28
21.12.2023,15:00,PREMIER LEAGUE,ROUND 18,Crystal Palace,Brighton,1,1,34%,66%,11,18,3,6,8,12,,,5,2,39,64
17.12.2023,11:30,PREMIER LEAGUE,ROUND 17,Liverpool,Manchester Utd,0,0,68%,32%,34,6,8,1,26,5,,,1,8,144,51
17.12.2023,09:00,PREMIER LEAGUE,ROUND 17,Arsenal,Brighton,2,0,49%,51%,26,6,9,1,17,5,,,1,7,84,32
17.12.2023,09:00,PREMIER LEAGUE,ROUND 17,Brentford,Aston Villa,1,2,33%,67%,4,15,3,5,1,10,,,3,2,63,124
17.12.2023,09:00,PREMIER LEAGUE,ROUND 17,West Ham,Wolves,3,0,44%,56%,13,14,4,3,9,11,,,3,1,51,52
16.12.2023,12:30,PREMIER LEAGUE,ROUND 17,Burnley,Everton,0,2,62%,38%,14,9,2,6,12,3,,,4,2,56,39
16.12.2023,10:00,PREMIER LEAGUE,ROUND 17,Chelsea,Sheffield Utd,2,0,78%,22%,15,6,6,1,9,5,,,1,4,68,24
16.12.2023,10:00,PREMIER LEAGUE,ROUND 17,Manchester City,Crystal Palace,2,2,74%,26%,19,5,9,2,10,3,,,0,7,93,20
16.12.2023,10:00,PREMIER LEAGUE,ROUND 17,Newcastle,Fulham,3,0,71%,29%,27,6,10,4,17,2,,,4,7,148,61
15.12.2023,15:00,PREMIER LEAGUE,ROUND 17,Nottingham,Tottenham,0,2,33%,67%,15,12,1,6,14,6,,,4,1,64,116
10.12.2023,11:30,PREMIER LEAGUE,ROUND 16,Tottenham,Newcastle,4,1,57%,43%,23,9,12,3,11,6,,,2,8,70,46
10.12.2023,09:00,PREMIER LEAGUE,ROUND 16,Everton,Chelsea,2,0,28%,72%,9,16,5,4,4,12,,,4,3,35,76
10.12.2023,09:00,PREMIER LEAGUE,ROUND 16,Fulham,West Ham,5,0,63%,37%,14,9,8,5,6,4,,,5,3,44,50
10.12.2023,09:00,PREMIER LEAGUE,ROUND 16,Luton,Manchester City,1,2,34%,66%,4,18,2,6,2,12,,,4,1,48,77
09.12.2023,12:30,PREMIER LEAGUE,ROUND 16,Aston Villa,Arsenal,1,0,39%,61%,10,12,3,5,7,7,,,5,2,27,54
09.12.2023,10:00,PREMIER LEAGUE,ROUND 16,Brighton,Burnley,1,1,72%,28%,29,6,11,3,18,3,,,2,10,86,29
09.12.2023,10:00,PREMIER LEAGUE,ROUND 16,Manchester Utd,Bournemouth,0,3,69%,31%,20,10,3,4,17,6,,,1,3,93,37
09.12.2023,10:00,PREMIER LEAGUE,ROUND 16,Sheffield Utd,Brentford,1,0,40%,60%,9,10,4,4,5,6,,,4,3,56,63
09.12.2023,10:00,PREMIER LEAGUE,ROUND 16,Wolves,Nottingham,1,1,68%,32%,10,8,4,2,6,6,,,1,3,43,43
09.12.2023,07:30,PREMIER LEAGUE,ROUND 16,Crystal Palace,Liverpool,1,2,24%,76%,8,14,4,2,4,12,,,0,3,67,142
07.12.2023,15:15,PREMIER LEAGUE,ROUND 15,Tottenham,West Ham,1,2,75%,25%,23,11,7,5,16,6,,,3,6,126,26
07.12.2023,14:30,PREMIER LEAGUE,ROUND 15,Everton,Newcastle,3,0,39%,61%,21,13,6,3,15,10,,,3,3,56,44
06.12.2023,15:15,PREMIER LEAGUE,ROUND 15,Aston Villa,Manchester City,1,0,46%,54%,22,2,7,2,15,0,,,2,6,52,38
06.12.2023,15:15,PREMIER LEAGUE,ROUND 15,Manchester Utd,Chelsea,2,1,45%,55%,28,13,9,3,19,10,,,2,7,72,36
06.12.2023,14:30,PREMIER LEAGUE,ROUND 15,Brighton,Brentford,2,1,61%,39%,18,8,7,2,11,6,,,1,5,75,34
06.12.2023,14:30,PREMIER LEAGUE,ROUND 15,Crystal Palace,Bournemouth,0,2,59%,41%,16,11,3,4,13,7,,,2,3,43,45
06.12.2023,14:30,PREMIER LEAGUE,ROUND 15,Fulham,Nottingham,5,0,64%,36%,14,4,6,1,8,3,,,1,1,58,29
06.12.2023,14:30,PREMIER LEAGUE,ROUND 15,Sheffield Utd,Liverpool,0,2,24%,76%,6,15,1,8,5,7,,,6,1,32,52
05.12.2023,15:15,PREMIER LEAGUE,ROUND 15,Luton,Arsenal,3,4,33%,67%,6,23,4,9,2,14,,,5,1,26,82
05.12.2023,14:30,PREMIER LEAGUE,ROUND 15,Wolves,Burnley,1,0,51%,49%,7,12,4,3,3,9,,,3,3,28,49
03.12.2023,11:30,PREMIER LEAGUE,ROUND 14,Manchester City,Tottenham,3,3,55%,45%,18,8,4,4,14,4,,,1,1,86,30
03.12.2023,09:00,PREMIER LEAGUE,ROUND 14,Bournemouth,Aston Villa,2,2,37%,63%,15,11,7,3,8,8,,,1,5,39,52
03.12.2023,09:00,PREMIER LEAGUE,ROUND 14,Chelsea,Brighton,3,2,32%,68%,8,18,5,9,3,9,,,7,2,61,129
03.12.2023,09:00,PREMIER LEAGUE,ROUND 14,Liverpool,Fulham,4,3,62%,38%,26,9,12,5,14,4,,,2,8,11,32
03.12.2023,09:00,PREMIER LEAGUE,ROUND 14,West Ham,Crystal Palace,1,1,55%,45%,9,9,3,2,6,7,,,1,2,58,33
02.12.2023,15:00,PREMIER LEAGUE,ROUND 14,Newcastle,Manchester Utd,1,0,58%,42%,22,8,4,1,18,7,,,1,3,90,36
02.12.2023,12:30,PREMIER LEAGUE,ROUND 14,Nottingham,Everton,0,1,62%,38%,13,12,2,3,11,9,,,2,2,61,64
02.12.2023,10:00,PREMIER LEAGUE,ROUND 14,Arsenal,Wolves,2,1,56%,44%,19,6,6,3,13,3,,,2,4,93,29
02.12.2023,10:00,PREMIER LEAGUE,ROUND 14,Brentford,Luton,3,1,69%,31%,27,7,6,1,21,6,,,0,3,67,26
02.12.2023,10:00,PREMIER LEAGUE,ROUND 14,Burnley,Sheffield Utd,5,0,64%,36%,19,6,7,3,12,3,,,3,2,148,70
27.11.2023,15:00,PREMIER LEAGUE,ROUND 13,Fulham,Wolves,3,2,60%,40%,12,10,6,6,6,4,,,4,3,56,21
26.11.2023,11:30,PREMIER LEAGUE,ROUND 13,Everton,Manchester Utd,0,3,50%,50%,24,9,6,4,18,5,,,1,6,72,31
26.11.2023,09:00,PREMIER LEAGUE,ROUND 13,Tottenham,Aston Villa,1,2,62%,38%,18,15,8,5,10,10,,,3,7,79,42
25.11.2023,12:30,PREMIER LEAGUE,ROUND 13,Brentford,Arsenal,0,1,36%,64%,9,15,3,4,6,11,,,3,3,35,92
25.11.2023,10:00,PREMIER LEAGUE,ROUND 13,Burnley,West Ham,1,2,51%,49%,11,11,5,3,6,8,,,1,4,36,32
25.11.2023,10:00,PREMIER LEAGUE,ROUND 13,Luton,Crystal Palace,2,1,39%,61%,8,16,3,8,5,8,,,7,1,48,63
25.11.2023,10:00,PREMIER LEAGUE,ROUND 13,Newcastle,Chelsea,4,1,55%,45%,14,7,5,4,9,3,,,3,1,114,70
25.11.2023,10:00,PREMIER LEAGUE,ROUND 13,Nottingham,Brighton,2,3,46%,54%,18,11,5,5,13,6,,,2,3,125,93
25.11.2023,10:00,PREMIER LEAGUE,ROUND 13,Sheffield Utd,Bournemouth,1,3,45%,55%,10,23,2,11,8,12,,,8,1,43,41
25.11.2023,07:30,PREMIER LEAGUE,ROUND 13,Manchester City,Liverpool,1,1,60%,40%,16,8,5,3,11,5,,,2,4,84,33
12.11.2023,11:30,PREMIER LEAGUE,ROUND 12,Chelsea,Manchester City,4,4,45%,55%,17,15,9,10,8,5,,,6,5,30,78
12.11.2023,09:00,PREMIER LEAGUE,ROUND 12,Aston Villa,Fulham,3,1,51%,49%,12,9,6,5,6,4,,,4,3,29,38
12.11.2023,09:00,PREMIER LEAGUE,ROUND 12,Brighton,Sheffield Utd,1,1,61%,39%,11,9,6,1,5,8,,,0,5,111,93
12.11.2023,09:00,PREMIER LEAGUE,ROUND 12,Liverpool,Brentford,3,0,59%,41%,17,16,10,3,7,13,,,3,7,55,52
12.11.2023,09:00,PREMIER LEAGUE,ROUND 12,West Ham,Nottingham,3,2,54%,46%,16,10,6,5,10,5,,,3,3,62,34
11.11.2023,12:30,PREMIER LEAGUE,ROUND 12,Bournemouth,Newcastle,2,0,48%,52%,19,8,10,5,9,3,,,5,8,55,47
11.11.2023,10:00,PREMIER LEAGUE,ROUND 12,Arsenal,Burnley,3,1,63%,37%,16,8,6,5,10,3,,,4,3,113,81
11.11.2023,10:00,PREMIER LEAGUE,ROUND 12,Crystal Palace,Everton,2,3,67%,33%,13,8,4,4,9,4,,,1,2,69,53
11.11.2023,10:00,PREMIER LEAGUE,ROUND 12,Manchester Utd,Luton,1,0,64%,36%,15,10,4,4,11,6,,,4,3,82,28
11.11.2023,07:30,PREMIER LEAGUE,ROUND 12,Wolves,Tottenham,2,1,42%,58%,17,6,4,2,13,4,,,1,2,66,40
06.11.2023,15:00,PREMIER LEAGUE,ROUND 11,Tottenham,Chelsea,1,4,39%,61%,8,17,5,8,3,9,,,4,4,78,97
05.11.2023,11:30,PREMIER LEAGUE,ROUND 11,Luton,Liverpool,1,1,26%,74%,8,24,5,6,3,18,,,5,4,31,81
05.11.2023,09:00,PREMIER LEAGUE,ROUND 11,Nottingham,Aston Villa,2,0,26%,74%,5,13,3,3,2,10,,,3,1,21,97
04.11.2023,13:30,PREMIER LEAGUE,ROUND 11,Newcastle,Arsenal,1,0,40%,60%,9,14,2,1,7,13,,,1,1,38,78
04.11.2023,11:00,PREMIER LEAGUE,ROUND 11,Brentford,West Ham,3,2,59%,41%,16,12,4,2,12,10,,,0,1,54,39
04.11.2023,11:00,PREMIER LEAGUE,ROUND 11,Burnley,Crystal Palace,0,2,67%,33%,17,4,5,3,12,1,,,1,5,65,7
04.11.2023,11:00,PREMIER LEAGUE,ROUND 11,Everton,Brighton,1,1,20%,80%,10,7,4,2,6,5,,,1,3,17,46
04.11.2023,11:00,PREMIER LEAGUE,ROUND 11,Manchester City,Bournemouth,6,1,66%,34%,21,5,8,1,13,4,,,0,2,74,21
04.11.2023,11:00,PREMIER LEAGUE,ROUND 11,Sheffield Utd,Wolves,2,1,38%,62%,11,10,2,3,9,7,,,2,0,43,22
04.11.2023,08:30,PREMIER LEAGUE,ROUND 11,Fulham,Manchester Utd,0,1,45%,55%,18,12,3,5,15,7,,,4,3,50,49
29.10.2023,11:30,PREMIER LEAGUE,ROUND 10,Manchester Utd,Manchester City,0,3,40%,60%,7,21,3,10,4,11,,,7,3,33,70
29.10.2023,10:00,PREMIER LEAGUE,ROUND 10,Aston Villa,Luton,3,1,71%,29%,17,7,6,1,11,6,,,0,3,43,31
29.10.2023,10:00,PREMIER LEAGUE,ROUND 10,Brighton,Fulham,1,1,71%,29%,18,10,7,5,11,5,,,4,6,60,26
29.10.2023,10:00,PREMIER LEAGUE,ROUND 10,Liverpool,Nottingham,3,0,73%,27%,21,9,8,1,13,8,,,1,5,71,23
29.10.2023,09:00,PREMIER LEAGUE,ROUND 10,West Ham,Everton,0,1,64%,36%,12,10,2,4,10,6,,,3,2,67,33
28.10.2023,12:30,PREMIER LEAGUE,ROUND 10,Wolves,Newcastle,2,2,43%,57%,11,13,6,5,5,8,,,3,4,50,54
28.10.2023,10:00,PREMIER LEAGUE,ROUND 10,Arsenal,Sheffield Utd,5,0,67%,33%,13,2,8,0,5,2,,,0,3,56,17
28.10.2023,10:00,PREMIER LEAGUE,ROUND 10,Bournemouth,Burnley,2,1,45%,55%,13,6,6,3,7,3,,,2,4,50,40
28.10.2023,07:30,PREMIER LEAGUE,ROUND 10,Chelsea,Brentford,0,2,69%,31%,17,7,2,5,15,2,,,3,2,123,30
27.10.2023,15:00,PREMIER LEAGUE,ROUND 10,Crystal Palace,Tottenham,1,2,24%,76%,13,10,3,1,10,9,,,0,2,35,54
23.10.2023,15:00,PREMIER LEAGUE,ROUND 9,Tottenham,Fulham,2,0,56%,44%,15,10,5,3,10,7,,,3,3,52,42
22.10.2023,11:30,PREMIER LEAGUE,ROUND 9,Aston Villa,West Ham,4,1,58%,42%,15,14,7,4,8,10,,,3,3,53,50
21.10.2023,15:00,PREMIER LEAGUE,ROUND 9,Sheffield Utd,Manchester Utd,1,2,38%,62%,12,14,6,5,6,9,,,3,5,36,52
21.10.2023,12:30,PREMIER LEAGUE,ROUND 9,Chelsea,Arsenal,2,2,43%,57%,11,13,5,3,6,10,,,1,3,29,55
21.10.2023,10:00,PREMIER LEAGUE,ROUND 9,Bournemouth,Wolves,1,2,34%,66%,7,21,4,7,3,14,,,5,3,90,139
21.10.2023,10:00,PREMIER LEAGUE,ROUND 9,Brentford,Burnley,3,0,50%,50%,23,6,10,1,13,5,,,1,7,99,83
21.10.2023,10:00,PREMIER LEAGUE,ROUND 9,Manchester City,Brighton,2,1,55%,45%,10,5,6,3,4,2,,,2,4,137,77
21.10.2023,10:00,PREMIER LEAGUE,ROUND 9,Newcastle,Crystal Palace,4,0,60%,40%,10,17,7,3,3,14,,,3,3,41,28
21.10.2023,10:00,PREMIER LEAGUE,ROUND 9,Nottingham,Luton,2,2,57%,43%,19,13,8,4,11,9,,,2,6,52,48
21.10.2023,07:30,PREMIER LEAGUE,ROUND 9,Liverpool,Everton,2,0,77%,23%,26,6,6,1,20,5,,,1,4,161,85
08.10.2023,11:30,PREMIER LEAGUE,ROUND 8,Arsenal,Manchester City,1,0,49%,51%,12,4,2,1,10,3,,,1,1,61,29
08.10.2023,09:00,PREMIER LEAGUE,ROUND 8,Brighton,Liverpool,2,2,46%,54%,14,14,3,4,11,10,,,2,1,48,46
08.10.2023,09:00,PREMIER LEAGUE,ROUND 8,West Ham,Newcastle,2,2,35%,65%,5,10,3,3,2,7,,,1,1,32,40
08.10.2023,09:00,PREMIER LEAGUE,ROUND 8,Wolves,Aston Villa,1,1,46%,54%,8,18,3,4,5,14,,,3,2,72,94
07.10.2023,12:30,PREMIER LEAGUE,ROUND 8,Crystal Palace,Nottingham,0,0,52%,48%,8,16,2,5,6,11,,,5,2,52,51
07.10.2023,10:00,PREMIER LEAGUE,ROUND 8,Burnley,Chelsea,1,4,37%,63%,10,9,3,5,7,4,,,1,2,26,43
07.10.2023,10:00,PREMIER LEAGUE,ROUND 8,Everton,Bournemouth,3,0,48%,52%,25,11,8,4,17,7,,,4,5,71,52
07.10.2023,10:00,PREMIER LEAGUE,ROUND 8,Fulham,Sheffield Utd,3,1,60%,40%,20,5,6,2,14,3,,,1,3,77,38
07.10.2023,10:00,PREMIER LEAGUE,ROUND 8,Manchester Utd,Brentford,2,1,64%,36%,21,11,8,3,13,8,,,2,6,87,28
07.10.2023,07:30,PREMIER LEAGUE,ROUND 8,Luton,Tottenham,0,1,33%,67%,12,15,2,4,10,11,,,3,2,77,105
03.10.2023,14:30,PREMIER LEAGUE,ROUND 2,Luton,Burnley,1,2,49%,51%,18,14,3,4,15,10,,,2,2,60,56
02.10.2023,15:00,PREMIER LEAGUE,ROUND 7,Fulham,Chelsea,0,2,56%,44%,10,11,3,4,7,7,,,2,3,71,39
01.10.2023,09:00,PREMIER LEAGUE,ROUND 7,Nottingham,Brentford,1,1,41%,59%,6,18,1,5,5,13,,,4,0,101,125
30.09.2023,12:30,PREMIER LEAGUE,ROUND 7,Tottenham,Liverpool,2,1,65%,35%,24,12,8,4,16,8,,,3,6,140,65
30.09.2023,10:00,PREMIER LEAGUE,ROUND 7,Bournemouth,Arsenal,0,4,42%,58%,8,15,1,8,7,7,,,4,1,49,45
30.09.2023,10:00,PREMIER LEAGUE,ROUND 7,Everton,Luton,1,2,68%,32%,23,9,5,2,18,7,,,0,4,88,38
30.09.2023,10:00,PREMIER LEAGUE,ROUND 7,Manchester Utd,Crystal Palace,0,1,77%,23%,19,8,4,2,15,6,,,1,4,93,27
30.09.2023,10:00,PREMIER LEAGUE,ROUND 7,Newcastle,Burnley,2,0,53%,47%,20,8,8,2,12,6,,,2,6,53,25
30.09.2023,10:00,PREMIER LEAGUE,ROUND 7,West Ham,Sheffield Utd,2,0,52%,48%,20,16,9,2,11,14,,,2,7,49,50
30.09.2023,10:00,PREMIER LEAGUE,ROUND 7,Wolves,Manchester City,2,1,32%,68%,3,23,1,8,2,15,,,7,0,22,96
30.09.2023,07:30,PREMIER LEAGUE,ROUND 7,Aston Villa,Brighton,6,1,38%,62%,19,11,9,3,10,8,,,2,3,31,43
24.09.2023,11:30,PREMIER LEAGUE,ROUND 6,Sheffield Utd,Newcastle,0,8,42%,58%,9,22,1,15,8,7,,,7,1,28,51
24.09.2023,09:00,PREMIER LEAGUE,ROUND 6,Arsenal,Tottenham,2,2,47%,53%,13,13,6,5,7,8,,,3,4,72,33
24.09.2023,09:00,PREMIER LEAGUE,ROUND 6,Brighton,Bournemouth,3,1,62%,38%,13,12,4,4,9,8,,,3,1,33,40
24.09.2023,09:00,PREMIER LEAGUE,ROUND 6,Chelsea,Aston Villa,0,1,53%,47%,10,15,4,7,6,8,,,6,4,102,69
24.09.2023,09:00,PREMIER LEAGUE,ROUND 6,Liverpool,West Ham,3,1,64%,36%,22,11,7,4,15,7,,,3,4,83,30
23.09.2023,15:00,PREMIER LEAGUE,ROUND 6,Burnley,Manchester Utd,0,1,62%,38%,12,11,4,4,8,7,,,3,4,57,47
23.09.2023,12:30,PREMIER LEAGUE,ROUND 6,Brentford,Everton,1,3,57%,43%,12,18,2,6,10,12,,,3,1,35,56
23.09.2023,10:00,PREMIER LEAGUE,ROUND 6,Crystal Palace,Fulham,0,0,51%,49%,7,10,3,5,4,5,,,5,3,50,56
23.09.2023,10:00,PREMIER LEAGUE,ROUND 6,Luton,Wolves,1,1,56%,44%,20,3,4,3,16,0,,,2,3,135,76
23.09.2023,10:00,PREMIER LEAGUE,ROUND 6,Manchester City,Nottingham,2,0,57%,43%,7,10,4,3,3,7,,,3,2,111,87
18.09.2023,14:45,PREMIER LEAGUE,ROUND 5,Nottingham,Burnley,1,1,46%,54%,14,10,4,3,10,7,,,2,3,83,101
17.09.2023,11:30,PREMIER LEAGUE,ROUND 5,Everton,Arsenal,0,1,26%,74%,8,13,1,4,7,9,,,3,1,26,81
17.09.2023,09:00,PREMIER LEAGUE,ROUND 5,Bournemouth,Chelsea,0,0,36%,64%,13,14,4,6,9,8,,,6,4,50,66
16.09.2023,12:30,PREMIER LEAGUE,ROUND 5,Newcastle,Brentford,1,0,56%,44%,9,11,2,2,7,9,,,2,1,58,44
16.09.2023,10:00,PREMIER LEAGUE,ROUND 5,Aston Villa,Crystal Palace,3,1,67%,33%,16,6,5,3,11,3,,,2,2,79,45
16.09.2023,10:00,PREMIER LEAGUE,ROUND 5,Fulham,Luton,1,0,78%,22%,13,7,2,2,11,5,,,2,1,70,32
16.09.2023,10:00,PREMIER LEAGUE,ROUND 5,Manchester Utd,Brighton,1,3,44%,56%,14,10,4,8,10,2,,,5,3,53,37
16.09.2023,10:00,PREMIER LEAGUE,ROUND 5,Tottenham,Sheffield Utd,2,1,70%,30%,28,7,10,5,18,2,,,4,8,142,70
16.09.2023,10:00,PREMIER LEAGUE,ROUND 5,West Ham,Manchester City,1,3,32%,68%,6,29,3,15,3,14,,,12,2,27,91
16.09.2023,07:30,PREMIER LEAGUE,ROUND 5,Wolves,Liverpool,1,3,34%,66%,11,16,2,6,9,10,,,3,1,50,66
03.09.2023,11:30,PREMIER LEAGUE,ROUND 4,Arsenal,Manchester Utd,3,1,55%,45%,17,10,5,2,12,8,,,1,2,82,23
03.09.2023,09:00,PREMIER LEAGUE,ROUND 4,Crystal Palace,Wolves,3,2,43%,57%,16,12,11,4,5,8,,,2,8,53,45
03.09.2023,09:00,PREMIER LEAGUE,ROUND 4,Liverpool,Aston Villa,3,0,64%,36%,17,9,4,3,13,6,,,3,1,42,26
02.09.2023,12:30,PREMIER LEAGUE,ROUND 4,Brighton,Newcastle,3,1,56%,44%,15,9,6,2,9,7,,,1,3,51,39
02.09.2023,10:00,PREMIER LEAGUE,ROUND 4,Brentford,Bournemouth,2,2,61%,39%,21,12,7,5,14,7,,,3,5,54,34
02.09.2023,10:00,PREMIER LEAGUE,ROUND 4,Burnley,Tottenham,2,5,46%,54%,16,21,4,11,12,10,,,6,2,38,49
02.09.2023,10:00,PREMIER LEAGUE,ROUND 4,Chelsea,Nottingham,0,1,76%,24%,21,7,2,3,19,4,,,2,2,97,19
02.09.2023,10:00,PREMIER LEAGUE,ROUND 4,Manchester City,Fulham,5,1,68%,32%,7,6,5,4,2,2,,,3,0,46,25
02.09.2023,07:30,PREMIER LEAGUE,ROUND 4,Sheffield Utd,Everton,2,2,45%,55%,13,16,8,6,5,10,,,4,6,33,54
01.09.2023,15:00,PREMIER LEAGUE,ROUND 4,Luton,West Ham,1,2,39%,61%,16,9,1,3,15,6,,,1,0,67,59
27.08.2023,11:30,PREMIER LEAGUE,ROUND 3,Newcastle,Liverpool,1,2,60%,40%,23,9,8,4,15,5,,,2,7,90,82
27.08.2023,09:00,PREMIER LEAGUE,ROUND 3,Burnley,Aston Villa,1,3,57%,43%,9,16,2,6,7,10,,,3,1,45,30
27.08.2023,09:00,PREMIER LEAGUE,ROUND 3,Sheffield Utd,Manchester City,1,2,20%,80%,6,30,2,9,4,21,,,7,1,19,89
26.08.2023,12:30,PREMIER LEAGUE,ROUND 3,Brighton,West Ham,1,3,78%,22%,26,12,10,7,16,5,,,4,9,137,30
26.08.2023,10:00,PREMIER LEAGUE,ROUND 3,Arsenal,Fulham,2,2,71%,29%,19,8,11,3,8,5,,,1,9,159,49
26.08.2023,10:00,PREMIER LEAGUE,ROUND 3,Everton,Wolves,0,1,47%,53%,15,11,7,2,8,9,,,1,7,55,39
26.08.2023,10:00,PREMIER LEAGUE,ROUND 3,Manchester Utd,Nottingham,3,2,67%,33%,18,9,9,4,9,5,,,2,6,124,77
26.08.2023,07:30,PREMIER LEAGUE,ROUND 3,Bournemouth,Tottenham,0,2,43%,57%,11,17,3,6,8,11,,,4,3,61,58
25.08.2023,15:00,PREMIER LEAGUE,ROUND 3,Chelsea,Luton,3,0,67%,33%,19,11,8,1,11,10,,,1,5,49,37
21.08.2023,15:00,PREMIER LEAGUE,ROUND 2,Crystal Palace,Arsenal,0,1,46%,54%,14,14,2,3,12,11,,,2,2,80,93
20.08.2023,11:30,PREMIER LEAGUE,ROUND 2,West Ham,Chelsea,3,1,24%,76%,12,17,6,4,6,13,,,3,3,45,137
20.08.2023,09:00,PREMIER LEAGUE,ROUND 2,Aston Villa,Everton,4,0,60%,40%,13,9,7,2,6,7,,,2,3,49,46
19.08.2023,15:00,PREMIER LEAGUE,ROUND 2,Manchester City,Newcastle,1,0,59%,41%,14,7,4,1,10,6,,,1,3,48,34
19.08.2023,12:30,PREMIER LEAGUE,ROUND 2,Tottenham,Manchester Utd,2,0,56%,44%,17,22,6,6,11,16,,,6,4,56,54
19.08.2023,10:00,PREMIER LEAGUE,ROUND 2,Liverpool,Bournemouth,3,1,65%,35%,26,13,10,5,16,8,,,11,13,62,35
18.08.2023,14:45,PREMIER LEAGUE,ROUND 2,Nottingham,Sheffield Utd,2,1,50%,50%,16,7,4,3,12,4,,,2,2,54,44
14.08.2023,15:00,PREMIER LEAGUE,ROUND 1,Manchester Utd,Wolves,1,0,51%,49%,15,23,3,6,12,17,,,6,2,61,59
13.08.2023,11:30,PREMIER LEAGUE,ROUND 1,Chelsea,Liverpool,1,1,65%,35%,10,13,4,1,4,7,,,23,11,142,100
13.08.2023,09:00,PREMIER LEAGUE,ROUND 1,Brentford,Tottenham,2,2,31%,69%,11,18,6,6,5,12,,,4,4,40,90
12.08.2023,12:30,PREMIER LEAGUE,ROUND 1,Newcastle,Aston Villa,5,1,53%,47%,17,16,13,6,4,10,,,5,8,40,41
12.08.2023,10:00,PREMIER LEAGUE,ROUND 1,Bournemouth,West Ham,1,1,63%,37%,14,16,5,3,9,13,,,2,4,57,40
12.08.2023,10:00,PREMIER LEAGUE,ROUND 1,Brighton,Luton,4,1,71%,29%,27,9,12,3,15,6,,,2,8,77,39
12.08.2023,10:00,PREMIER LEAGUE,ROUND 1,Everton,Fulham,0,1,41%,59%,19,9,9,2,10,7,,,1,9,53,36
12.08.2023,10:00,PREMIER LEAGUE,ROUND 1,Sheffield Utd,Crystal Palace,0,1,33%,67%,8,24,1,8,7,16,,,7,1,33,54
12.08.2023,07:30,PREMIER LEAGUE,ROUND 1,Arsenal,Nottingham,2,1,79%,21%,15,6,7,2,8,4,,,1,5,63,23
11.08.2023,15:00,PREMIER LEAGUE,ROUND 1,Burnley,Manchester City,0,3,35%,65%,6,17,1,8,5,9,,,5,1,25,36
13.05.2023,07:30,PREMIER LEAGUE,ROUND 36,Leeds,Newcastle,2,2,36%,64%,9,18,4,5,5,13,,,3,2,28,87
26.04.2023,15:00,PREMIER LEAGUE,ROUND 33,Manchester City,Arsenal,4,1,52%,48%,14,8,9,2,3,3,,,12,13,85,92
26.04.2023,14:45,PREMIER LEAGUE,ROUND 33,Chelsea,Brentford,0,2,73%,27%,15,7,4,1,8,5,,,23,28,135,88
26.04.2023,14:45,PREMIER LEAGUE,ROUND 33,West Ham,Liverpool,1,2,27%,73%,7,20,2,4,4,9,,,18,16,49,51
26.04.2023,14:30,PREMIER LEAGUE,ROUND 33,Nottingham,Brighton,3,1,25%,75%,12,17,5,7,5,6,,,17,18,60,123
25.04.2023,15:00,PREMIER LEAGUE,ROUND 33,Leeds,Leicester,1,1,41%,59%,13,15,3,3,6,6,,,23,30,94,109
25.04.2023,14:45,PREMIER LEAGUE,ROUND 33,Aston Villa,Fulham,1,0,52%,48%,14,1,3,0,4,1,,,15,18,92,101
25.04.2023,14:30,PREMIER LEAGUE,ROUND 33,Wolves,Crystal Palace,2,0,41%,59%,9,14,3,4,4,4,,,12,30,75,116
23.04.2023,09:00,PREMIER LEAGUE,ROUND 32,Bournemouth,West Ham,0,4,64%,36%,17,18,5,10,7,4,,,24,13,139,82
23.04.2023,09:00,PREMIER LEAGUE,ROUND 32,Newcastle,Tottenham,6,1,57%,43%,25,11,8,3,5,5,,,12,21,135,69
22.04.2023,10:00,PREMIER LEAGUE,ROUND 32,Brentford,Aston Villa,1,1,42%,58%,16,14,5,2,6,11,,,19,8,72,87
22.04.2023,10:00,PREMIER LEAGUE,ROUND 32,Crystal Palace,Everton,0,0,57%,43%,12,10,2,5,5,3,,,26,26,15,14
22.04.2023,10:00,PREMIER LEAGUE,ROUND 32,Leicester,Wolves,2,1,42%,58%,15,16,8,3,4,7,,,18,22,89,137
22.04.2023,10:00,PREMIER LEAGUE,ROUND 32,Liverpool,Nottingham,3,2,81%,19%,18,11,6,5,7,5,,,28,18,139,47
22.04.2023,07:30,PREMIER LEAGUE,ROUND 32,Fulham,Leeds,2,1,49%,51%,12,10,5,2,3,4,,,22,12,90,103
21.04.2023,15:00,PREMIER LEAGUE,ROUND 32,Arsenal,Southampton,3,3,74%,26%,25,8,6,6,11,1,,,24,11,155,52
17.04.2023,15:00,PREMIER LEAGUE,ROUND 31,Leeds,Liverpool,1,6,26%,74%,13,13,3,7,7,4,,,16,22,69,175
16.04.2023,11:30,PREMIER LEAGUE,ROUND 31,Nottingham,Manchester Utd,0,2,32%,68%,6,22,0,8,4,9,,,19,25,73,133
16.04.2023,09:00,PREMIER LEAGUE,ROUND 31,West Ham,Arsenal,2,2,28%,72%,16,11,3,5,6,4,,,26,20,81,105
15.04.2023,12:30,PREMIER LEAGUE,ROUND 31,Manchester City,Leicester,3,1,71%,29%,12,10,4,4,5,3,,,18,15,136,52
15.04.2023,10:00,PREMIER LEAGUE,ROUND 31,Chelsea,Brighton,1,2,42%,58%,8,26,2,10,5,10,,,13,17,63,118
15.04.2023,10:00,PREMIER LEAGUE,ROUND 31,Everton,Fulham,1,3,46%,54%,15,21,7,7,6,9,,,18,22,115,96
15.04.2023,10:00,PREMIER LEAGUE,ROUND 31,Southampton,Crystal Palace,0,2,58%,42%,11,9,4,2,4,4,,,18,14,96,79
15.04.2023,10:00,PREMIER LEAGUE,ROUND 31,Tottenham,Bournemouth,2,3,57%,43%,24,9,8,6,8,2,,,19,11,102,87
15.04.2023,10:00,PREMIER LEAGUE,ROUND 31,Wolves,Brentford,2,0,51%,49%,11,10,9,3,0,3,,,16,26,90,100
15.04.2023,07:30,PREMIER LEAGUE,ROUND 31,Aston Villa,Newcastle,3,0,52%,48%,16,8,6,2,6,3,,,22,20,81,78
09.04.2023,11:30,PREMIER LEAGUE,ROUND 30,Liverpool,Arsenal,2,2,59%,41%,21,9,6,5,10,2,,,12,13,103,101
09.04.2023,09:00,PREMIER LEAGUE,ROUND 30,Leeds,Crystal Palace,1,5,48%,52%,11,16,7,8,4,4,,,24,28,104,120
08.04.2023,12:30,PREMIER LEAGUE,ROUND 30,Southampton,Manchester City,1,4,27%,73%,4,13,1,8,2,2,,,10,18,59,136
08.04.2023,10:00,PREMIER LEAGUE,ROUND 30,Aston Villa,Nottingham,2,0,65%,35%,8,6,3,2,4,1,,,19,26,87,75
08.04.2023,10:00,PREMIER LEAGUE,ROUND 30,Brentford,Newcastle,1,2,41%,59%,12,10,6,4,4,4,,,19,12,77,105
08.04.2023,10:00,PREMIER LEAGUE,ROUND 30,Fulham,West Ham,0,1,77%,23%,16,9,3,5,2,4,,,24,17,163,45
08.04.2023,10:00,PREMIER LEAGUE,ROUND 30,Leicester,Bournemouth,0,1,51%,49%,14,19,4,7,8,2,,,27,24,87,125
08.04.2023,10:00,PREMIER LEAGUE,ROUND 30,Tottenham,Brighton,2,1,35%,65%,9,17,3,4,4,5,,,10,14,64,127
08.04.2023,10:00,PREMIER LEAGUE,ROUND 30,Wolves,Chelsea,1,0,38%,62%,9,13,4,1,3,4,,,16,23,107,115
08.04.2023,07:30,PREMIER LEAGUE,ROUND 30,Manchester Utd,Everton,2,0,64%,36%,29,15,11,1,10,6,,,20,16,74,45
05.04.2023,15:00,PREMIER LEAGUE,ROUND 25,Manchester Utd,Brentford,1,0,65%,35%,18,6,3,1,8,4,,,12,11,135,80
05.04.2023,15:00,PREMIER LEAGUE,ROUND 7,West Ham,Newcastle,1,5,42%,58%,7,15,2,8,3,5,,,14,15,108,94
04.04.2023,15:00,PREMIER LEAGUE,ROUND 8,Chelsea,Liverpool,0,0,50%,50%,12,7,3,4,7,0,,,18,23,108,119
04.04.2023,14:45,PREMIER LEAGUE,ROUND 7,Bournemouth,Brighton,0,2,36%,64%,14,16,3,6,6,9,,,17,20,83,128
04.04.2023,14:45,PREMIER LEAGUE,ROUND 7,Leeds,Nottingham,2,1,63%,37%,21,13,6,1,6,4,,,21,25,124,70
04.04.2023,14:45,PREMIER LEAGUE,ROUND 7,Leicester,Aston Villa,1,2,36%,64%,9,15,4,5,4,5,,,8,19,19,7
03.04.2023,15:00,PREMIER LEAGUE,ROUND 29,Everton,Tottenham,1,1,39%,61%,15,8,6,2,5,5,,,13,16,22,14
02.04.2023,11:30,PREMIER LEAGUE,ROUND 29,Newcastle,Manchester Utd,2,0,46%,54%,22,6,6,1,9,3,,,26,19,63,35
02.04.2023,09:00,PREMIER LEAGUE,ROUND 29,West Ham,Southampton,1,0,43%,57%,12,9,2,3,7,4,,,27,28,119,117
01.04.2023,12:30,PREMIER LEAGUE,ROUND 29,Chelsea,Aston Villa,0,2,69%,31%,27,5,8,2,15,3,,,19,10,154,53
01.04.2023,10:00,PREMIER LEAGUE,ROUND 29,Arsenal,Leeds,4,1,67%,33%,13,7,6,5,2,1,,,14,20,127,78
01.04.2023,10:00,PREMIER LEAGUE,ROUND 29,Bournemouth,Fulham,2,1,43%,57%,12,10,7,2,3,6,,,13,18,105,83
01.04.2023,10:00,PREMIER LEAGUE,ROUND 29,Brighton,Brentford,3,3,72%,28%,33,7,15,5,8,1,,,17,7,118,60
01.04.2023,10:00,PREMIER LEAGUE,ROUND 29,Crystal Palace,Leicester,2,1,51%,49%,31,3,9,2,8,0,,,27,11,109,93
01.04.2023,10:00,PREMIER LEAGUE,ROUND 29,Nottingham,Wolves,1,1,28%,72%,17,8,7,1,7,3,,,18,20,55,120
01.04.2023,07:30,PREMIER LEAGUE,ROUND 29,Manchester City,Liverpool,4,1,68%,32%,17,4,8,1,3,0,,,15,5,127,57
19.03.2023,10:00,PREMIER LEAGUE,ROUND 28,Arsenal,Crystal Palace,4,1,62%,38%,15,9,5,5,5,1,,,13,15,136,79
18.03.2023,13:30,PREMIER LEAGUE,ROUND 28,Chelsea,Everton,2,2,69%,31%,20,12,7,3,3,4,,,19,25,113,82
18.03.2023,11:00,PREMIER LEAGUE,ROUND 28,Aston Villa,Bournemouth,3,0,56%,44%,20,9,9,3,3,3,,,19,13,92,76
18.03.2023,11:00,PREMIER LEAGUE,ROUND 28,Brentford,Leicester,1,1,53%,47%,11,14,2,1,2,6,,,19,18,22,12
18.03.2023,11:00,PREMIER LEAGUE,ROUND 28,Southampton,Tottenham,3,3,50%,50%,19,17,7,3,7,9,,,18,12,109,73
18.03.2023,11:00,PREMIER LEAGUE,ROUND 28,Wolves,Leeds,2,4,66%,34%,23,11,8,4,9,5,,,23,20,21,21
17.03.2023,16:00,PREMIER LEAGUE,ROUND 28,Nottingham,Newcastle,1,2,38%,62%,5,15,3,4,2,5,,,23,15,84,96
15.03.2023,15:30,PREMIER LEAGUE,ROUND 8,Brighton,Crystal Palace,1,0,57%,43%,11,11,5,3,5,6,,,20,15,109,83
15.03.2023,15:30,PREMIER LEAGUE,ROUND 7,Southampton,Brentford,0,2,66%,34%,7,11,1,5,3,2,,,23,17,122,88
12.03.2023,12:30,PREMIER LEAGUE,ROUND 27,Newcastle,Wolves,2,1,42%,58%,19,7,8,4,3,3,,,25,14,86,87
12.03.2023,10:00,PREMIER LEAGUE,ROUND 27,Fulham,Arsenal,0,3,45%,55%,12,15,2,7,6,3,,,22,12,75,83
12.03.2023,10:00,PREMIER LEAGUE,ROUND 27,Manchester Utd,Southampton,0,0,47%,53%,10,17,4,4,3,4,,,25,18,21,15
12.03.2023,10:00,PREMIER LEAGUE,ROUND 27,West Ham,Aston Villa,1,1,41%,59%,17,12,6,4,8,4,,,13,16,56,81
11.03.2023,12:30,PREMIER LEAGUE,ROUND 27,Crystal Palace,Manchester City,0,1,32%,68%,4,14,0,4,0,5,,,18,21,71,127
11.03.2023,10:00,PREMIER LEAGUE,ROUND 27,Everton,Brentford,1,0,33%,67%,13,12,6,4,5,6,,,10,29,77,123
11.03.2023,10:00,PREMIER LEAGUE,ROUND 27,Leeds,Brighton,2,2,38%,62%,12,14,4,2,3,8,,,7,16,85,137
11.03.2023,10:00,PREMIER LEAGUE,ROUND 27,Leicester,Chelsea,1,3,49%,51%,17,12,7,6,4,3,,,19,17,16,24
11.03.2023,10:00,PREMIER LEAGUE,ROUND 27,Tottenham,Nottingham,3,1,55%,45%,15,9,7,5,3,2,,,14,9,91,78
11.03.2023,07:30,PREMIER LEAGUE,ROUND 27,Bournemouth,Liverpool,1,0,31%,69%,5,15,2,6,3,8,,,21,36,82,136
06.03.2023,15:00,PREMIER LEAGUE,ROUND 26,Brentford,Fulham,3,2,36%,64%,14,9,6,5,7,4,,,22,21,99,98
05.03.2023,11:30,PREMIER LEAGUE,ROUND 26,Liverpool,Manchester Utd,7,0,60%,40%,18,8,8,4,5,3,,,20,21,118,77
05.03.2023,09:00,PREMIER LEAGUE,ROUND 26,Nottingham,Everton,2,2,57%,43%,10,10,4,3,2,2,,,31,22,71,57
04.03.2023,12:30,PREMIER LEAGUE,ROUND 26,Southampton,Leicester,1,0,35%,65%,11,11,5,0,2,7,,,20,21,98,131
04.03.2023,10:00,PREMIER LEAGUE,ROUND 26,Arsenal,Bournemouth,3,2,81%,19%,31,4,9,4,10,0,,,9,12,168,57
04.03.2023,10:00,PREMIER LEAGUE,ROUND 26,Aston Villa,Crystal Palace,1,0,58%,42%,8,3,1,0,4,2,,,17,15,13,22
04.03.2023,10:00,PREMIER LEAGUE,ROUND 26,Brighton,West Ham,4,0,66%,34%,20,3,9,2,7,0,,,18,18,140,63
04.03.2023,10:00,PREMIER LEAGUE,ROUND 26,Chelsea,Leeds,1,0,58%,42%,13,11,3,2,8,6,,,14,17,144,97
04.03.2023,10:00,PREMIER LEAGUE,ROUND 26,Wolves,Tottenham,1,0,46%,54%,8,22,5,6,3,7,,,11,20,74,104
04.03.2023,07:30,PREMIER LEAGUE,ROUND 26,Manchester City,Newcastle,2,0,56%,44%,11,5,3,2,6,1,,,17,17,109,86
01.03.2023,15:00,PREMIER LEAGUE,ROUND 7,Liverpool,Wolves,2,0,57%,43%,15,4,6,1,6,2,,,27,22,133,101
01.03.2023,14:45,PREMIER LEAGUE,ROUND 7,Arsenal,Everton,4,0,73%,27%,15,8,5,5,5,2,,,22,11,160,78
26.02.2023,08:30,PREMIER LEAGUE,ROUND 25,Tottenham,Chelsea,2,0,41%,59%,8,10,3,2,4,5,,,11,19,79,147
25.02.2023,14:45,PREMIER LEAGUE,ROUND 25,Crystal Palace,Liverpool,0,0,36%,64%,6,12,0,4,4,5,,,23,24,100,122
25.02.2023,12:30,PREMIER LEAGUE,ROUND 25,Bournemouth,Manchester City,1,4,34%,66%,13,20,2,5,5,8,,,15,11,74,140
25.02.2023,10:00,PREMIER LEAGUE,ROUND 25,Everton,Aston Villa,0,2,47%,53%,15,9,5,5,7,4,,,23,22,119,63
25.02.2023,10:00,PREMIER LEAGUE,ROUND 25,Leeds,Southampton,1,0,60%,40%,14,8,4,2,6,3,,,24,15,100,109
25.02.2023,10:00,PREMIER LEAGUE,ROUND 25,Leicester,Arsenal,0,1,34%,66%,1,10,0,2,1,3,,,21,17,87,144
25.02.2023,10:00,PREMIER LEAGUE,ROUND 25,West Ham,Nottingham,4,0,49%,51%,18,8,5,3,8,3,,,15,20,64,38
24.02.2023,15:00,PREMIER LEAGUE,ROUND 25,Fulham,Wolves,1,1,50%,50%,10,8,5,2,2,5,,,34,22,99,115
19.02.2023,11:30,PREMIER LEAGUE,ROUND 24,Tottenham,West Ham,2,0,57%,43%,16,6,6,1,4,4,,,15,18,112,95
19.02.2023,09:00,PREMIER LEAGUE,ROUND 24,Manchester Utd,Leicester,3,0,57%,43%,26,19,8,3,9,9,,,17,15,142,94
18.02.2023,12:30,PREMIER LEAGUE,ROUND 24,Newcastle,Liverpool,0,2,37%,63%,14,13,4,7,7,4,,,15,16,10,14
18.02.2023,10:00,PREMIER LEAGUE,ROUND 24,Brentford,Crystal Palace,1,1,59%,41%,12,10,5,4,6,3,,,34,11,110,85
18.02.2023,10:00,PREMIER LEAGUE,ROUND 24,Brighton,Fulham,0,1,65%,35%,21,5,7,2,10,0,,,14,10,106,43
18.02.2023,10:00,PREMIER LEAGUE,ROUND 24,Chelsea,Southampton,0,1,61%,39%,17,8,5,5,5,3,,,32,15,99,67
18.02.2023,10:00,PREMIER LEAGUE,ROUND 24,Everton,Leeds,1,0,50%,50%,15,8,6,0,7,4,,,32,23,120,98
18.02.2023,10:00,PREMIER LEAGUE,ROUND 24,Nottingham,Manchester City,1,1,26%,74%,4,23,1,6,2,11,,,9,27,49,145
18.02.2023,10:00,PREMIER LEAGUE,ROUND 24,Wolves,Bournemouth,0,1,69%,31%,15,5,4,1,5,1,,,18,22,120,89
18.02.2023,07:30,PREMIER LEAGUE,ROUND 24,Aston Villa,Arsenal,2,4,33%,67%,7,20,5,5,1,8,,,12,36,55,135
15.02.2023,14:30,PREMIER LEAGUE,ROUND 12,Arsenal,Manchester City,1,3,64%,36%,10,9,1,6,4,1,,,22,20,89,92
13.02.2023,15:00,PREMIER LEAGUE,ROUND 23,Liverpool,Everton,2,0,59%,41%,15,6,6,1,4,4,,,25,18,126,89
12.02.2023,11:30,PREMIER LEAGUE,ROUND 23,Manchester City,Aston Villa,3,1,67%,33%,17,6,9,2,3,2,,,13,11,119,62
12.02.2023,09:00,PREMIER LEAGUE,ROUND 23,Leeds,Manchester Utd,0,2,33%,67%,16,11,6,5,4,4,,,20,20,103,98
11.02.2023,12:30,PREMIER LEAGUE,ROUND 23,Bournemouth,Newcastle,1,1,33%,67%,11,15,5,7,5,5,,,22,21,85,146
11.02.2023,10:00,PREMIER LEAGUE,ROUND 23,Arsenal,Brentford,1,1,69%,31%,23,9,7,2,10,4,,,17,12,134,82
11.02.2023,10:00,PREMIER LEAGUE,ROUND 23,Crystal Palace,Brighton,1,1,25%,75%,6,17,1,7,2,5,,,15,17,73,128
11.02.2023,10:00,PREMIER LEAGUE,ROUND 23,Fulham,Nottingham,2,0,50%,50%,16,10,3,1,11,7,,,20,23,108,81
11.02.2023,10:00,PREMIER LEAGUE,ROUND 23,Leicester,Tottenham,4,1,50%,50%,15,11,7,4,6,6,,,22,14,142,91
11.02.2023,10:00,PREMIER LEAGUE,ROUND 23,Southampton,Wolves,1,2,41%,59%,17,11,2,2,10,2,,,24,23,16,21
11.02.2023,07:30,PREMIER LEAGUE,ROUND 23,West Ham,Chelsea,1,1,28%,72%,10,12,2,4,5,4,,,18,15,68,107
